{"digest":"8eb90d72862cb1ec01dab3730fbad1c1faa34398","css":".panel {\n  border-radius: 0;\n  border: none;\n  background-color: transparent;\n  box-shadow: none;\n}\n.panel.bordered .panel-heading {\n  border-radius: 2px 2px 0 0;\n}\n.inset-panel .panel-heading {\n  border-radius: 2px 2px 0 0;\n}\n.panel-heading {\n  margin: 0;\n  padding: 10px;\n  border-radius: 0;\n  font-size: 11px;\n  line-height: 1;\n}\n.panel-heading .btn {\n  height: 20px;\n  line-height: 20px;\n  font-size: 9px;\n  position: relative;\n  top: -5px;\n}\natom-panel-container.left,\natom-panel-container.right {\n  display: -webkit-flex;\n  -webkit-flex-direction: row;\n  -webkit-align-items: stretch;\n  height: 100%;\n}\natom-panel-container.left atom-panel,\natom-panel-container.right atom-panel {\n  height: 100%;\n}\natom-panel {\n  display: block;\n}\natom-panel.top,\natom-panel.bottom,\natom-panel.left,\natom-panel.right {\n  background-color: #f4f4f4;\n}\n.tool-panel {\n  position: relative;\n  background-color: #f4f4f4;\n}\n.overlay,\natom-panel.modal {\n  position: absolute;\n  left: 50%;\n  width: 500px;\n  margin-left: -250px;\n  z-index: 9999;\n  box-sizing: border-box;\n  color: #444444;\n  background-color: #ececec;\n  padding: 10px;\n}\n.overlay h1,\natom-panel.modal h1 {\n  margin-top: 0;\n  color: #000000;\n  font-size: 1.6em;\n  font-weight: bold;\n}\n.overlay h2,\natom-panel.modal h2 {\n  font-size: 1.3em;\n}\n.overlay atom-text-editor[mini],\natom-panel.modal atom-text-editor[mini] {\n  margin-bottom: 10px;\n}\n.overlay .message,\natom-panel.modal .message {\n  padding-top: 5px;\n  font-size: 11px;\n}\n.overlay.mini,\natom-panel.modal.mini {\n  width: 200px;\n  margin-left: -100px;\n  font-size: 12px;\n}\n.overlay.from-top,\natom-panel.modal {\n  top: 0;\n  border-top: none;\n  border-top-left-radius: 0;\n  border-top-right-radius: 0;\n}\n.overlay.from-bottom {\n  bottom: 0;\n  border-bottom: none;\n  border-bottom-left-radius: 0;\n  border-bottom-right-radius: 0;\n}\n.overlay.floating {\n  left: auto;\n}\n","imports":[{"path":"node_modules\\atom-light-ui\\stylesheets\\ui-variables.less","digest":"52b1d1f989f08c3e99d7d022921fdd3d29f01a97"}],"version":1}