{"digest":"c2efc6aad26bf2139c37f6830a2922e2db26b005","css":"atom-text-editor .lines .markup.git-commit.changed {\n  color: #e9c062;\n}\natom-text-editor .lines .markup.git-commit.deleted {\n  color: #cc6666;\n}\natom-text-editor .lines .markup.git-commit.inserted {\n  color: #a8ff60;\n}\n@-webkit-keyframes flash {\n  from {\n    background-color: #eeeeee;\n  }\n  to {\n    background-color: null;\n  }\n}\natom-text-editor .flash.selection .region {\n  -webkit-animation-name: flash;\n  -webkit-animation-duration: .5s;\n  -webkit-animation-iteration-count: 1;\n}\n","imports":[{"path":"node_modules\\atom-dark-syntax\\stylesheets\\syntax-variables.less","digest":"8b5f85b60f779119a3c52d91b12daeaec351c6e8"}],"version":1}