{"digest":"3fb872b6ac005f248f27aff632e569d0a70ef616","css":".editor-colors,\n:host {\n  background-color: #1d1f21;\n  color: #c5c8c6;\n}\n.editor .invisible-character,\n:host .invisible-character {\n  color: rgba(197, 200, 198, 0.2);\n}\n.editor .indent-guide,\n:host .indent-guide {\n  color: rgba(197, 200, 198, 0.2);\n}\n.editor .wrap-guide,\n:host .wrap-guide {\n  background-color: rgba(197, 200, 198, 0.1);\n}\n.editor .gutter,\n:host .gutter {\n  background-color: #292c2f;\n}\n.editor .gutter .cursor-line,\n:host .gutter .cursor-line {\n  background-color: rgba(255, 255, 255, 0.14);\n}\n.editor .line-number.cursor-line-no-selection,\n:host .line-number.cursor-line-no-selection {\n  background-color: rgba(255, 255, 255, 0.14);\n}\n.editor .gutter .line-number.folded,\n:host .gutter .line-number.folded,\n.editor .gutter .line-number:after,\n:host .gutter .line-number:after,\n.editor .fold-marker:after,\n:host .fold-marker:after {\n  color: #fba0e3;\n}\n.editor .invisible,\n:host .invisible {\n  color: #c5c8c6;\n}\n.editor .cursor,\n:host .cursor {\n  border-color: #ffffff;\n}\n.editor .selection .region,\n:host .selection .region {\n  background-color: #444444;\n}\n.editor .source.gfm,\n:host .source.gfm {\n  color: #999;\n}\n.editor .gfm .markup.heading,\n:host .gfm .markup.heading {\n  color: #eee;\n}\n.editor .gfm .link,\n:host .gfm .link {\n  color: #555;\n}\n.editor .gfm .variable.list,\n:host .gfm .variable.list,\n.editor .gfm .support.quote,\n:host .gfm .support.quote {\n  color: #555;\n}\n.editor .gfm .link .entity,\n:host .gfm .link .entity {\n  color: #ddd;\n}\n.editor .gfm .raw,\n:host .gfm .raw {\n  color: #aaa;\n}\n.editor .markdown .paragraph,\n:host .markdown .paragraph {\n  color: #999;\n}\n.editor .markdown .heading,\n:host .markdown .heading {\n  color: #eee;\n}\n.editor .markdown .raw,\n:host .markdown .raw {\n  color: #aaa;\n}\n.editor .markdown .link,\n:host .markdown .link {\n  color: #555;\n}\n.editor .markdown .link .string,\n:host .markdown .link .string {\n  color: #555;\n}\n.editor .markdown .link .string.title,\n:host .markdown .link .string.title {\n  color: #ddd;\n}\n.bracket-matcher .region {\n  border-bottom: 1px solid #f8de7e;\n  margin-top: -1px;\n  opacity: .7;\n}\n.comment {\n  color: #7C7C7C;\n}\n.entity {\n  color: #FFD2A7;\n}\n.entity.name.type {\n  text-decoration: underline;\n  color: #FFFFB6;\n}\n.entity.other.inherited-class {\n  color: #9B5C2E;\n}\n.keyword {\n  color: #96CBFE;\n}\n.keyword.control {\n  color: #96CBFE;\n}\n.keyword.operator {\n  color: #EDEDED;\n}\n.storage {\n  color: #CFCB90;\n}\n.storage.modifier {\n  color: #96CBFE;\n}\n.constant {\n  color: #99CC99;\n}\n.constant.numeric {\n  color: #FF73FD;\n}\n.variable {\n  color: #C6C5FE;\n}\n.invalid.deprecated {\n  text-decoration: underline;\n  color: #FD5FF1;\n}\n.invalid.illegal {\n  color: #FD5FF1;\n  background-color: rgba(86, 45, 86, 0.75);\n}\n.string .source,\n.string .meta.embedded.line {\n  color: #EDEDED;\n}\n.string .punctuation.section.embedded {\n  color: #00A0A0;\n}\n.string .punctuation.section.embedded .source {\n  color: #00A0A0;\n}\n.string {\n  color: #A8FF60;\n}\n.string .constant {\n  color: #00A0A0;\n}\n.string.regexp {\n  color: #E9C062;\n}\n.string.regexp .constant.character.escape,\n.string.regexp .source.ruby.embedded,\n.string.regexp .string.regexp.arbitrary-repetition {\n  color: #FF8000;\n}\n.string.regexp.group {\n  color: #C6A24F;\n  background-color: rgba(255, 255, 255, 0.06);\n}\n.string.regexp.character-class {\n  color: #B18A3D;\n}\n.string .variable {\n  color: #8A9A95;\n}\n.support {\n  color: #FFFFB6;\n}\n.support.function {\n  color: #DAD085;\n}\n.support.constant {\n  color: #FFD2A7;\n}\n.support.type.property-name.css {\n  color: #EDEDED;\n}\n.source .entity.name.tag,\n.source .punctuation.tag {\n  color: #96CBFE;\n}\n.source .entity.other.attribute-name {\n  color: #C6C5FE;\n}\n.entity.other.attribute-name {\n  color: #C6C5FE;\n}\n.entity.name.tag.namespace,\n.entity.other.attribute-name.namespace {\n  color: #E18964;\n}\n.meta.preprocessor.c {\n  color: #8996A8;\n}\n.meta.preprocessor.c .keyword {\n  color: #AFC4DB;\n}\n.meta.cast {\n  color: #676767;\n}\n.meta.sgml.html .meta.doctype,\n.meta.sgml.html .meta.doctype .entity,\n.meta.sgml.html .meta.doctype .string,\n.meta.xml-processing,\n.meta.xml-processing .entity,\n.meta.xml-processing .string {\n  color: #494949;\n}\n.meta.tag .entity,\n.meta.tag > .punctuation,\n.meta.tag.inline .entity {\n  color: #C6C5FE;\n}\n.meta.tag .name,\n.meta.tag.inline .name,\n.meta.tag > .punctuation {\n  color: #96CBFE;\n}\n.meta.selector.css .entity.name.tag {\n  text-decoration: underline;\n  color: #96CBFE;\n}\n.meta.selector.css .entity.other.attribute-name.tag.pseudo-class {\n  color: #8F9D6A;\n}\n.meta.selector.css .entity.other.attribute-name.id {\n  color: #8B98AB;\n}\n.meta.selector.css .entity.other.attribute-name.class {\n  color: #62B1FE;\n}\n.meta.property-group .support.constant.property-value.css,\n.meta.property-value .support.constant.property-value.css {\n  color: #F9EE98;\n}\n.meta.preprocessor.at-rule .keyword.control.at-rule {\n  color: #8693A5;\n}\n.meta.property-value .support.constant.named-color.css,\n.meta.property-value .constant {\n  color: #87C38A;\n}\n.meta.constructor.argument.css {\n  color: #8F9D6A;\n}\n.meta.diff,\n.meta.diff.header {\n  color: #F8F8F8;\n  background-color: #0E2231;\n}\n.meta.separator {\n  color: #60A633;\n  background-color: #242424;\n}\n.meta.line.entry.logfile,\n.meta.line.exit.logfile {\n  background-color: rgba(238, 238, 238, 0.16);\n}\n.meta.line.error.logfile {\n  background-color: #751012;\n}\n","imports":[{"path":"node_modules\\atom-dark-syntax\\stylesheets\\syntax-variables.less","digest":"8b5f85b60f779119a3c52d91b12daeaec351c6e8"}],"version":1}