{"digest":"a784726670fe136bb5ecfa96b52c52cab30348e6","css":".deprecation-cop-status .icon.icon-alert:before {\n  width: 17px;\n}\n.deprecation-cop {\n  overflow: auto;\n  -webkit-flex: 1;\n  background-color: #333333 !important;\n}\n.deprecation-cop .deprecation-info {\n  padding: 0 10px;\n}\n.deprecation-cop .deprecation-info:hover {\n  background-color: #4182c4 !important;\n}\n.deprecation-cop .deprecation-detail.list-item {\n  white-space: normal;\n}\n.deprecation-cop .deprecation-detail.list-item .deprecation-message {\n  padding: 5px 0 5px 28px;\n  line-height: 1.4;\n  font-size: 13px;\n}\n.deprecation-cop .deprecation-detail.list-item .deprecation-message p:last-child {\n  margin-bottom: 0;\n}\n.deprecation-cop .deprecation-detail.list-item .icon-alert {\n  margin-top: 5px;\n  float: left;\n}\n.deprecation-cop .collapsed > ul {\n  display: none;\n}\n.deprecation-cop .list {\n  list-style-type: none;\n  padding: 0;\n}\n.deprecation-cop .stack-trace {\n  background-color: #1d1f21;\n  padding: 10px;\n  margin-bottom: 10px;\n}\n.deprecation-cop a {\n  color: #ffffff;\n}\n","imports":[{"path":"node_modules\\atom-dark-ui\\stylesheets\\ui-variables.less","digest":"007225d4824d0b343e2b7cfa0a811bd1add6ec4a"}],"version":1}