{"digest":"ea6973c44eac06929b718115eed42048e7677a46","css":"atom-text-editor .gutter .line-number.bookmarked .icon-right,\natom-text-editor::shadow .gutter .line-number.bookmarked .icon-right {\n  visibility: visible;\n}\natom-text-editor .gutter .line-number.bookmarked .icon-right:before,\natom-text-editor::shadow .gutter .line-number.bookmarked .icon-right:before {\n  content: \"\\f07b\";\n  color: #09C;\n}\n.bookmarks-view .bookmark .line-text {\n  font-family: monospace;\n}\n","imports":[{"path":"static\\variables\\octicon-utf-codes.less","digest":"0d88874976c8b71e43223bedb437a9a75293455b"}],"version":1}