{"digest":"d971c8978faab4c9f579043284f8628d2bc623b1","css":"#jasmine_content {\n  position: fixed;\n  right: 100%;\n}\nbody {\n  background-color: #fff;\n  padding: 0;\n}\n.spec-reporter {\n  font-size: 11px;\n  line-height: 1.6em;\n  color: #333;\n}\n.spec-reporter .list-unstyled {\n  list-style: none;\n}\n.spec-reporter .symbol-header {\n  font-size: 18px;\n  font-weight: bold;\n  padding-bottom: 10px;\n}\n.spec-reporter .symbol-area {\n  padding: 10px;\n}\n.spec-reporter .symbol-summary {\n  overflow: hidden;\n  margin: 0;\n}\n.spec-reporter .symbol-summary li {\n  font-family: Monaco, Consolas, monospace;\n  float: left;\n  line-height: 10px;\n  height: 10px;\n  width: 10px;\n  font-size: 10px;\n}\n.spec-reporter .symbol-summary li.passed {\n  color: #5cb85c;\n}\n.spec-reporter .symbol-summary li.failed {\n  color: #d9534f;\n}\n.spec-reporter .symbol-summary li.skipped {\n  color: #f0ad4e;\n}\n.spec-reporter .symbol-summary li.pending {\n  color: #eee;\n}\n.spec-reporter .symbol-summary li:before {\n  content: \"\\02022\";\n}\n.spec-reporter .status {\n  font-size: 20px;\n  line-height: 2em;\n  padding: 5px;\n  border-radius: 0;\n  text-align: center;\n}\n.spec-reporter .status .spec-count {\n  float: left;\n}\n.spec-reporter .status .time {\n  float: right;\n}\n.spec-reporter .results {\n  padding: 10px;\n}\n.spec-reporter .results .description {\n  font-size: 16px;\n  padding: 5px 0 5px 0;\n}\n.spec-reporter .results > .suite {\n  margin-bottom: 20px;\n}\n.spec-reporter .results > .suite > .description {\n  font-size: 18px;\n  font-weight: bold;\n}\n.spec-reporter .results .spec {\n  margin-top: 5px;\n  padding: 0 10px 10px 10px;\n  border-left: 3px solid #d9534f;\n}\n.spec-reporter .results .spec .spec-toggle {\n  float: right;\n  cursor: pointer;\n  opacity: 0;\n  color: #999;\n}\n.spec-reporter .results .spec .spec-toggle:before {\n  font-family: 'Octicons Regular';\n  font-weight: normal;\n  font-style: normal;\n  display: inline-block;\n  line-height: 1;\n  -webkit-font-smoothing: antialiased;\n  text-decoration: none;\n  font-size: 16px;\n  width: 16px;\n  height: 16px;\n  content: \"\\f0cc\";\n}\n.spec-reporter .results .spec .spec-toggle.folded:before {\n  font-family: 'Octicons Regular';\n  font-weight: normal;\n  font-style: normal;\n  display: inline-block;\n  line-height: 1;\n  -webkit-font-smoothing: antialiased;\n  text-decoration: none;\n  font-size: 16px;\n  width: 16px;\n  height: 16px;\n  content: \"\\f039\";\n}\n.spec-reporter .results .spec .spec-toggle:hover {\n  color: #333;\n}\n.spec-reporter .results .spec:hover .spec-toggle {\n  opacity: 1;\n}\n.spec-reporter .results .suite > .suite,\n.spec-reporter .results .suite > .spec {\n  margin-left: 10px;\n}\n.spec-reporter .result-message {\n  font-size: 16px;\n  font-weight: bold;\n  color: #d9534f;\n  padding: 5px 0 5px 0;\n}\n.spec-reporter .result-message.deprecation-message {\n  font-weight: normal;\n  color: #c77c11;\n  line-height: 1.4;\n}\n.spec-reporter .result-message.deprecation-message a {\n  color: #df8a13;\n}\n.spec-reporter .result-message.deprecation-message code {\n  color: #c77c11;\n  background: #fef9f3;\n}\n.spec-reporter .stack-trace {\n  font-size: 12px;\n  margin: 5px 0 0 0;\n  border-radius: 2px;\n  line-height: 18px;\n  color: #666;\n  border: 1px solid #ddd;\n  overflow: auto;\n}\n.spec-reporter .tooltip .tooltip-inner {\n  border: 1px solid #ccc;\n  background: #fff;\n  color: #666;\n  max-width: 400px;\n}\n.spec-reporter .tooltip.in {\n  opacity: 1;\n}\n.spec-reporter .tooltip .tooltip-arrow {\n  visibility: hidden;\n}\n.spec-reporter .result-message.fail,\n.spec-reporter .stack-trace.padded {\n  text-overflow: ellipsis;\n  display: -webkit-box;\n  -webkit-box-orient: vertical;\n  -webkit-line-clamp: 10;\n  overflow: hidden;\n}\n.spec-reporter .result-message.fail.expanded,\n.spec-reporter .stack-trace.padded.expanded {\n  -webkit-line-clamp: inherit;\n}\n.spec-reporter .deprecation-toggle {\n  float: right;\n  cursor: pointer;\n  opacity: 0;\n  color: #999;\n}\n.spec-reporter .deprecation-toggle:before {\n  font-family: 'Octicons Regular';\n  font-weight: normal;\n  font-style: normal;\n  display: inline-block;\n  line-height: 1;\n  -webkit-font-smoothing: antialiased;\n  text-decoration: none;\n  font-size: 16px;\n  width: 16px;\n  height: 16px;\n  content: \"\\f0cc\";\n}\n.spec-reporter .deprecation-toggle.folded:before {\n  font-family: 'Octicons Regular';\n  font-weight: normal;\n  font-style: normal;\n  display: inline-block;\n  line-height: 1;\n  -webkit-font-smoothing: antialiased;\n  text-decoration: none;\n  font-size: 16px;\n  width: 16px;\n  height: 16px;\n  content: \"\\f039\";\n}\n.spec-reporter .deprecation-toggle:hover {\n  color: #333;\n}\n.spec-reporter:hover .deprecation-toggle {\n  opacity: 1;\n}\n","imports":[{"path":"static\\variables\\octicon-mixins.less","digest":"6e82b251a0f069964e16b56280fc302046479591"},{"path":"static\\variables\\octicon-utf-codes.less","digest":"0d88874976c8b71e43223bedb437a9a75293455b"},{"path":"static\\variables\\octicon-utf-codes.less","digest":"0d88874976c8b71e43223bedb437a9a75293455b"}],"version":1}