{"digest":"c76774b43826982a414706342ac218e4cffbf806","css":".editor--private,\n.editor-contents--private {\n  height: 100%;\n  width: 100%;\n}\n.editor-contents--private {\n  width: 100%;\n  overflow: hidden;\n  cursor: text;\n  display: -webkit-flex;\n  -webkit-user-select: none;\n  position: relative;\n}\n.gutter {\n  overflow: hidden;\n  text-align: right;\n  cursor: default;\n  min-width: 1em;\n  box-sizing: border-box;\n}\n.line-numbers {\n  position: relative;\n}\n.line-number {\n  white-space: nowrap;\n  padding-left: .5em;\n  opacity: 0.6;\n}\n.line-number.cursor-line {\n  opacity: 1;\n}\n.line-number .icon-right {\n  display: inline-block;\n  visibility: hidden;\n  opacity: .6;\n  padding: 0 .4em;\n}\n.line-number .icon-right:before {\n  font-family: 'Octicons Regular';\n  font-weight: normal;\n  font-style: normal;\n  display: inline-block;\n  line-height: 1;\n  -webkit-font-smoothing: antialiased;\n  text-decoration: none;\n  font-size: 0.8em;\n  width: 0.8em;\n  height: 0.8em;\n  content: \"\\f0a3\";\n}\n.line-number .icon-right:before {\n  text-align: center;\n}\n.gutter:hover .line-number.foldable .icon-right {\n  visibility: visible;\n}\n.gutter:hover .line-number.foldable .icon-right:hover {\n  opacity: 1;\n}\n.gutter .line-number.folded .icon-right,\n.gutter:hover .line-number.folded .icon-right {\n  visibility: visible;\n}\n.gutter .line-number.folded .icon-right:before,\n.gutter:hover .line-number.folded .icon-right:before {\n  font-family: 'Octicons Regular';\n  font-weight: normal;\n  font-style: normal;\n  display: inline-block;\n  line-height: 1;\n  -webkit-font-smoothing: antialiased;\n  text-decoration: none;\n  font-size: 0.8em;\n  width: 0.8em;\n  height: 0.8em;\n  content: \"\\f078\";\n}\n.gutter .line-number.folded .icon-right:before,\n.gutter:hover .line-number.folded .icon-right:before {\n  position: relative;\n  left: -0.1em;\n}\n.scroll-view {\n  position: relative;\n  z-index: 0;\n  overflow: hidden;\n  -webkit-flex: 1;\n  min-width: 0;\n}\n.underlayer {\n  position: absolute;\n  z-index: -2;\n  top: 0;\n  bottom: 0;\n  left: 0;\n  right: 0;\n}\n.highlight {\n  background: none;\n  padding: 0;\n}\n.highlight .region {\n  position: absolute;\n  pointer-events: none;\n  z-index: -1;\n}\n.lines {\n  min-width: 100%;\n  position: relative;\n  z-index: 1;\n}\n.line {\n  white-space: pre;\n}\n.line.cursor-line .fold-marker:after {\n  opacity: 1;\n}\n.fold-marker {\n  cursor: default;\n}\n.fold-marker:after {\n  font-family: 'Octicons Regular';\n  font-weight: normal;\n  font-style: normal;\n  display: inline;\n  line-height: 1;\n  -webkit-font-smoothing: antialiased;\n  text-decoration: none;\n  font-size: 0.8em;\n  width: 0.8em;\n  height: 0.8em;\n  content: \"\\f09a\";\n  padding-left: 0.2em;\n}\n.placeholder-text {\n  position: absolute;\n  color: #555555;\n}\n.invisible-character {\n  font-weight: normal !important;\n  font-style: normal !important;\n}\n.indent-guide {\n  box-shadow: inset 1px 0;\n}\n.hidden-input {\n  padding: 0;\n  border: 0;\n  position: absolute;\n  z-index: -1;\n  top: 0;\n  left: 0;\n  opacity: 0;\n  width: 1px;\n}\n.cursor {\n  z-index: 4;\n  pointer-events: none;\n  box-sizing: border-box;\n  position: absolute;\n  border-left: 1px solid;\n  opacity: 0;\n}\n.is-focused .cursor {\n  opacity: 1;\n}\n.cursors.blink-off .cursor {\n  opacity: 0;\n}\n.horizontal-scrollbar {\n  position: absolute;\n  left: 0;\n  right: 0;\n  bottom: 0;\n  height: 15px;\n  overflow-x: auto;\n  overflow-y: hidden;\n  z-index: 3;\n  cursor: default;\n}\n.horizontal-scrollbar .scrollbar-content {\n  height: 15px;\n}\n.vertical-scrollbar {\n  position: absolute;\n  top: 0;\n  right: 0;\n  bottom: 0;\n  width: 15px;\n  overflow-x: hidden;\n  overflow-y: auto;\n  z-index: 3;\n  cursor: default;\n}\n.scrollbar-corner {\n  position: absolute;\n  overflow: auto;\n  bottom: 0;\n  right: 0;\n}\n","imports":[{"path":"node_modules\\atom-dark-ui\\stylesheets\\ui-variables.less","digest":"007225d4824d0b343e2b7cfa0a811bd1add6ec4a"},{"path":"static\\variables\\octicon-utf-codes.less","digest":"0d88874976c8b71e43223bedb437a9a75293455b"},{"path":"static\\variables\\octicon-mixins.less","digest":"6e82b251a0f069964e16b56280fc302046479591"},{"path":"static\\variables\\octicon-utf-codes.less","digest":"0d88874976c8b71e43223bedb437a9a75293455b"},{"path":"static\\variables\\octicon-utf-codes.less","digest":"0d88874976c8b71e43223bedb437a9a75293455b"}],"version":1}