{"digest":"c2efc6aad26bf2139c37f6830a2922e2db26b005","css":"atom-text-editor .lines .markup.git-commit.changed {\n  color: #de935f;\n}\natom-text-editor .lines .markup.git-commit.deleted {\n  color: #cc6666;\n}\natom-text-editor .lines .markup.git-commit.inserted {\n  color: #b5bd68;\n}\n@-webkit-keyframes flash {\n  from {\n    background-color: #e0e0e0;\n  }\n  to {\n    background-color: null;\n  }\n}\natom-text-editor .flash.selection .region {\n  -webkit-animation-name: flash;\n  -webkit-animation-duration: .5s;\n  -webkit-animation-iteration-count: 1;\n}\n","imports":[{"path":"node_modules\\base16-tomorrow-light-theme\\stylesheets\\syntax-variables.less","digest":"2242f9e572102a8684757d7ce787b12ffab7fade"},{"path":"node_modules\\base16-tomorrow-light-theme\\stylesheets\\colors.less","digest":"06c162cce43b8810beaebbd4fb69b9b622fb3362"}],"version":1}