{"digest":"fa682e118e692876afdc335cf93a2929ba0ab50f","css":".tab-bar {\n  display: -webkit-flex;\n  -webkit-user-select: none;\n  margin: 0;\n  /* Drag and Drop */\n}\n.tab-bar .tab {\n  font-size: 11px;\n  position: relative;\n  padding-left: 10px;\n  padding-right: 24px;\n  -webkit-user-drag: element;\n  -webkit-flex: 1;\n  max-width: 175px;\n  min-width: 40px;\n}\n.tab-bar .tab.active {\n  -webkit-flex: 2;\n  width: -webkit-fit-content;\n}\n.tab-bar .tab.active .title {\n  padding-right: 10px;\n}\n.tab-bar .tab .title {\n  overflow: hidden;\n  white-space: nowrap;\n  text-overflow: ellipsis;\n}\n.tab-bar .tab .hide-icon.icon:before {\n  display: none;\n}\n.tab-bar .tab .close-icon {\n  position: absolute;\n  top: 1px;\n  right: 10px;\n  cursor: default;\n}\n.tab-bar .tab .close-icon:before {\n  font-family: 'Octicons Regular';\n  font-weight: normal;\n  font-style: normal;\n  display: inline-block;\n  line-height: 1;\n  -webkit-font-smoothing: antialiased;\n  text-decoration: none;\n  font-size: 12px;\n  width: 12px;\n  height: 12px;\n  content: \"\\f081\";\n}\n.tab-bar .tab.modified:hover .close-icon {\n  color: #0098ff;\n}\n.tab-bar .tab.modified:not(:hover) .close-icon {\n  top: 11px;\n  right: 11px;\n  width: 8px;\n  height: 8px;\n  border: 2px solid #0098ff;\n  border-radius: 12px;\n}\n.tab-bar .tab.modified:not(:hover) .close-icon:before {\n  display: none;\n}\n.tab-bar .placeholder {\n  position: absolute;\n  top: 0;\n  z-index: 999;\n  width: 2px;\n  margin: -1px;\n  padding: 0;\n  height: 26px;\n  display: inline-block;\n  background: #0098ff;\n  list-style: none;\n}\n.tab-bar .placeholder:after {\n  content: \"\";\n  position: absolute;\n  top: 26px;\n  margin: -1px;\n  z-index: 9999;\n  width: 4px;\n  height: 4px;\n  background: #0098ff;\n  border-radius: 4px;\n  border: 1px solid transparent;\n}\n","imports":[{"path":"node_modules\\atom-light-ui\\stylesheets\\ui-variables.less","digest":"52b1d1f989f08c3e99d7d022921fdd3d29f01a97"},{"path":"static\\variables\\octicon-mixins.less","digest":"6e82b251a0f069964e16b56280fc302046479591"},{"path":"static\\variables\\octicon-utf-codes.less","digest":"0d88874976c8b71e43223bedb437a9a75293455b"},{"path":"static\\variables\\octicon-utf-codes.less","digest":"0d88874976c8b71e43223bedb437a9a75293455b"}],"version":1}