{"digest":"c2efc6aad26bf2139c37f6830a2922e2db26b005","css":"atom-text-editor .lines .markup.git-commit.changed {\n  color: #ff982d;\n}\natom-text-editor .lines .markup.git-commit.deleted {\n  color: #dd1144;\n}\natom-text-editor .lines .markup.git-commit.inserted {\n  color: #718c00;\n}\n@-webkit-keyframes flash {\n  from {\n    background-color: #6699cc;\n  }\n  to {\n    background-color: null;\n  }\n}\natom-text-editor .flash.selection .region {\n  -webkit-animation-name: flash;\n  -webkit-animation-duration: .5s;\n  -webkit-animation-iteration-count: 1;\n}\n","imports":[{"path":"node_modules\\atom-light-syntax\\stylesheets\\syntax-variables.less","digest":"77b0e9b65a165a253d592ff99cf8e4bb47874d0b"}],"version":1}