{"digest":"fd573ede5e5d4e9af306088bb88355b72a20d944","css":"atom-text-editor .gutter .line-number.git-line-modified,\natom-text-editor::shadow .gutter .line-number.git-line-modified {\n  border-left: 2px solid #b58900;\n  padding-left: calc(0.5em - 2px);\n}\natom-text-editor .gutter .line-number.git-line-added,\natom-text-editor::shadow .gutter .line-number.git-line-added {\n  border-left: 2px solid #859900;\n  padding-left: calc(0.5em - 2px);\n}\natom-text-editor .gutter .line-number.git-line-removed:before,\natom-text-editor::shadow .gutter .line-number.git-line-removed:before {\n  position: absolute;\n  left: 0;\n  bottom: -4px;\n  height: 0;\n  width: 0;\n  content: \" \";\n  border: solid transparent;\n  border-left-color: #dc322f;\n  border-width: 4px;\n  margin-top: -4px;\n  pointer-events: none;\n}\natom-text-editor .gutter.git-diff-icon .line-number,\natom-text-editor::shadow .gutter.git-diff-icon .line-number {\n  width: 100%;\n  border-left: none;\n  padding-left: 0.4em;\n}\natom-text-editor .gutter.git-diff-icon .line-number:before,\natom-text-editor::shadow .gutter.git-diff-icon .line-number:before {\n  font-family: 'Octicons Regular';\n  src: url(\"octicons.woff\") format(\"woff\");\n  font-weight: normal;\n  font-style: normal;\n  display: inline-block;\n  position: relative;\n  top: -0.05em;\n  height: 0px;\n  width: 1em;\n  content: \" \";\n  padding-right: 0.4em;\n  font-size: .95em;\n}\natom-text-editor .gutter.git-diff-icon .line-number.git-line-modified:before,\natom-text-editor::shadow .gutter.git-diff-icon .line-number.git-line-modified:before {\n  content: \"\\f052\";\n  color: #b58900;\n}\natom-text-editor .gutter.git-diff-icon .line-number.git-line-added:before,\natom-text-editor::shadow .gutter.git-diff-icon .line-number.git-line-added:before {\n  content: \"\\f05d\";\n  color: #859900;\n}\natom-text-editor .gutter.git-diff-icon .line-number.git-line-removed:before,\natom-text-editor::shadow .gutter.git-diff-icon .line-number.git-line-removed:before {\n  border: none;\n  content: \"\\f0ca\";\n  color: #dc322f;\n  position: relative;\n  top: .6em;\n}\n","imports":[{"path":"node_modules\\solarized-dark-syntax\\stylesheets\\syntax-variables.less","digest":"4366c20f8e8b7506e5267e4a399dbfb74f35592d"},{"path":"node_modules\\solarized-dark-syntax\\stylesheets\\variables.less","digest":"167a40c012e077befcc3ff645c407036b1a30e9f"},{"path":"static\\variables\\octicon-utf-codes.less","digest":"0d88874976c8b71e43223bedb437a9a75293455b"},{"path":"static\\variables\\octicon-mixins.less","digest":"6e82b251a0f069964e16b56280fc302046479591"},{"path":"static\\variables\\octicon-utf-codes.less","digest":"0d88874976c8b71e43223bedb437a9a75293455b"},{"path":"static\\variables\\octicon-utf-codes.less","digest":"0d88874976c8b71e43223bedb437a9a75293455b"}],"version":1}