{"digest":"c2efc6aad26bf2139c37f6830a2922e2db26b005","css":"atom-text-editor .lines .markup.git-commit.changed {\n  color: #b58900;\n}\natom-text-editor .lines .markup.git-commit.deleted {\n  color: #dc322f;\n}\natom-text-editor .lines .markup.git-commit.inserted {\n  color: #859900;\n}\n@-webkit-keyframes flash {\n  from {\n    background-color: #93a1a1;\n  }\n  to {\n    background-color: null;\n  }\n}\natom-text-editor .flash.selection .region {\n  -webkit-animation-name: flash;\n  -webkit-animation-duration: .5s;\n  -webkit-animation-iteration-count: 1;\n}\n","imports":[{"path":"node_modules\\solarized-dark-syntax\\stylesheets\\syntax-variables.less","digest":"4366c20f8e8b7506e5267e4a399dbfb74f35592d"},{"path":"node_modules\\solarized-dark-syntax\\stylesheets\\variables.less","digest":"167a40c012e077befcc3ff645c407036b1a30e9f"}],"version":1}