{"digest":"ef743a12580b92efdd67ab3b44c79e0236815bd0","css":".editor-colors,\n:host {\n  background-color: #ffffff;\n  color: #555555;\n}\n.editor .invisible-character,\n:host .invisible-character {\n  color: rgba(85, 85, 85, 0.2);\n}\n.editor .indent-guide,\n:host .indent-guide {\n  color: rgba(85, 85, 85, 0.2);\n}\n.editor .wrap-guide,\n:host .wrap-guide {\n  background-color: rgba(85, 85, 85, 0.2);\n}\n.editor .gutter,\n:host .gutter {\n  color: #555555;\n  background: #ffffff;\n}\n.editor .gutter .line-number.folded,\n:host .gutter .line-number.folded,\n.editor .gutter .line-number:after,\n:host .gutter .line-number:after,\n.editor .fold-marker:after,\n:host .fold-marker:after {\n  color: #e87b00;\n}\n.editor .invisible,\n:host .invisible {\n  color: #555;\n}\n.editor .selection .region,\n:host .selection .region {\n  background-color: #e1e1e1;\n}\n.editor.is-focused .cursor,\n:host.is-focused .cursor {\n  border-color: #000000;\n}\n.editor.is-focused .selection .region,\n:host.is-focused .selection .region {\n  background-color: #afc4da;\n}\n.editor.is-focused .line-number.cursor-line-no-selection,\n:host.is-focused .line-number.cursor-line-no-selection,\n.editor.is-focused .line.cursor-line,\n:host.is-focused .line.cursor-line {\n  background-color: rgba(255, 255, 134, 0.34);\n}\n.editor .source.gfm,\n:host .source.gfm {\n  color: #444;\n}\n.editor .gfm .markup.heading,\n:host .gfm .markup.heading {\n  color: #111;\n}\n.editor .gfm .link,\n:host .gfm .link {\n  color: #888;\n}\n.editor .gfm .variable.list,\n:host .gfm .variable.list {\n  color: #888;\n}\n.editor .markdown .paragraph,\n:host .markdown .paragraph {\n  color: #444;\n}\n.editor .markdown .heading,\n:host .markdown .heading {\n  color: #111;\n}\n.editor .markdown .link,\n:host .markdown .link {\n  color: #888;\n}\n.editor .markdown .link .string,\n:host .markdown .link .string {\n  color: #888;\n}\n.comment {\n  color: #999988;\n  font-style: italic;\n}\n.string {\n  color: #D14;\n}\n.string .source,\n.string .meta.embedded.line {\n  color: #5A5A5A;\n}\n.string .punctuation.section.embedded {\n  color: #920B2D;\n}\n.string .punctuation.section.embedded .source {\n  color: #920B2D;\n}\n.constant.numeric {\n  color: #D14;\n}\n.constant.language {\n  color: #606aa1;\n}\n.constant.character,\n.constant.other {\n  color: #606aa1;\n}\n.constant.symbol {\n  color: #990073;\n}\n.constant.numeric.line-number.find-in-files .match {\n  color: rgba(143, 190, 0, 0.63);\n}\n.variable {\n  color: #008080;\n}\n.variable.parameter {\n  color: #606aa1;\n}\n.keyword {\n  color: #222;\n  font-weight: bold;\n}\n.keyword.unit {\n  color: #445588;\n}\n.keyword.special-method {\n  color: #0086B3;\n}\n.storage {\n  color: #222;\n}\n.storage.type {\n  color: #222;\n}\n.entity.name.class {\n  text-decoration: underline;\n  color: #606aa1;\n}\n.entity.other.inherited-class {\n  text-decoration: underline;\n  color: #606aa1;\n}\n.entity.name.function {\n  color: #900;\n}\n.entity.name.tag {\n  color: #008080;\n}\n.entity.other.attribute-name {\n  color: #458;\n  font-weight: bold;\n}\n.entity.name.filename.find-in-files {\n  color: #E6DB74;\n}\n.support.constant,\n.support.function,\n.support.type {\n  color: #458;\n}\n.support.class {\n  color: #008080;\n}\n.invalid {\n  color: #F8F8F0;\n  background-color: #00A8C6;\n}\n.invalid.deprecated {\n  color: #F8F8F0;\n  background-color: #8FBE00;\n}\n.meta.structure.dictionary.json > .string.quoted.double.json,\n.meta.structure.dictionary.json > .string.quoted.double.json .punctuation.string {\n  color: #000080;\n}\n.meta.structure.dictionary.value.json > .string.quoted.double.json {\n  color: #d14;\n}\n.meta.diff,\n.meta.diff.header {\n  color: #75715E;\n}\n.css.support.property-name {\n  font-weight: bold;\n  color: #333;\n}\n.css.constant {\n  color: #099;\n}\n.bracket-matcher {\n  background-color: #C9C9C9;\n  opacity: .7;\n  border-bottom: 0 none;\n}\n","imports":[{"path":"node_modules\\atom-light-syntax\\stylesheets\\syntax-variables.less","digest":"77b0e9b65a165a253d592ff99cf8e4bb47874d0b"}],"version":1}