{"digest":"8e2836474d7f6ce44247288dbd41449564bbd809","css":"atom-notifications {\n  display: block;\n  z-index: 1000;\n  position: absolute;\n  top: 0;\n  right: 0;\n  bottom: 0;\n  padding: 10px;\n  font-size: 1.2em;\n  overflow-x: hidden;\n  overflow-y: auto;\n  pointer-events: none;\n}\natom-notifications::-webkit-scrollbar {\n  display: none;\n}\natom-notification {\n  float: right;\n  clear: right;\n  position: relative;\n  width: 260px;\n  padding-left: 30px;\n  max-height: 200px;\n  margin-bottom: 2px;\n  border-radius: 2px;\n  word-wrap: break-word;\n  pointer-events: auto;\n}\natom-notification.icon:before {\n  position: absolute;\n  top: 0;\n  left: 0;\n  width: 30px;\n  height: 100%;\n  padding-top: 10px;\n  text-align: center;\n  border-radius: 2px 0 0 2px;\n}\natom-notification .content {\n  max-height: inherit;\n  overflow-y: auto;\n}\natom-notification .content::-webkit-scrollbar {\n  display: none;\n}\natom-notification .item {\n  padding: 10px;\n  border-top: 1px solid rgba(0, 0, 0, 0.1);\n}\natom-notification .item.message {\n  border-top: none;\n}\natom-notification.has-close .message {\n  padding-right: 34px;\n}\natom-notification .close {\n  position: absolute;\n  top: 0;\n  right: 0;\n  width: 38px;\n  height: 38px;\n  font-size: 16px;\n  text-shadow: none;\n  color: inherit;\n  opacity: .3;\n}\natom-notification .close:hover,\natom-notification .close:focus {\n  opacity: 1;\n  color: inherit;\n}\natom-notification .close:active {\n  opacity: .2;\n}\natom-notification .close:before {\n  margin: 0;\n  color: inherit;\n}\natom-notification.has-detail {\n  width: 400px;\n}\natom-notification .detail {\n  font-size: .8em;\n  background-color: rgba(255, 255, 255, 0.3);\n  background-clip: padding-box;\n  white-space: pre;\n  font-family: Consolas, \"Liberation Mono\", Menlo, Courier, monospace;\n}\natom-notification .fatal-notification {\n  font-size: .8em;\n}\natom-notification .btn-toolbar {\n  margin-top: 10px;\n}\natom-notification.fatal {\n  color: #000000;\n  background-color: #ff4d4d;\n}\natom-notification.fatal a {\n  color: #660000;\n}\natom-notification.fatal.icon:before {\n  color: #ff8585;\n  background-color: #cc0000;\n}\natom-notification.error {\n  color: #000000;\n  background-color: #ff4d4d;\n}\natom-notification.error a {\n  color: #660000;\n}\natom-notification.error.icon:before {\n  color: #ff8585;\n  background-color: #cc0000;\n}\natom-notification.warning {\n  color: #603100;\n  background-color: #ffddac;\n}\natom-notification.warning a {\n  color: #c66500;\n}\natom-notification.warning.icon:before {\n  color: #fff4e4;\n  background-color: #ffaa2c;\n}\natom-notification.info {\n  color: #112e4d;\n  background-color: #80cbff;\n}\natom-notification.info a {\n  color: #2460a0;\n}\natom-notification.info.icon:before {\n  color: #b8e2ff;\n  background-color: #0098ff;\n}\natom-notification.success {\n  color: #05170d;\n  background-color: #72efa8;\n}\natom-notification.success a {\n  color: #156d3b;\n}\natom-notification.success.icon:before {\n  color: #a4f5c7;\n  background-color: #17ca65;\n}\natom-notification {\n  -webkit-animation: notification-show 0.16s cubic-bezier(0.175, 0.885, 0.32, 1.27499);\n}\natom-notification[type=\"fatal\"] {\n  -webkit-animation: notification-show 0.16s cubic-bezier(0.175, 0.885, 0.32, 1.27499), notification-shake 4s 2s;\n  -webkit-animation-iteration-count: 1, 3;\n}\natom-notification[type=\"fatal\"]:hover {\n  -webkit-animation-play-state: paused;\n}\natom-notification.remove,\natom-notification.remove:hover {\n  -webkit-animation: notification-hide 0.24s cubic-bezier(0.33859, -0.42, 1, -0.22), notification-shrink 0.24s 0.24s cubic-bezier(0.5, 0, 0, 1);\n  -webkit-animation-fill-mode: forwards;\n}\n@-webkit-keyframes notification-show {\n  0% {\n    opacity: 0;\n    transform: perspective(260px) translate(0, -30px) rotateX(90deg);\n  }\n  100% {\n    opacity: 1;\n    transform: perspective(260px) translate(0, 0) rotateX(0deg);\n  }\n}\n@-webkit-keyframes notification-hide {\n  0% {\n    opacity: 1;\n    transform: scale(1);\n  }\n  100% {\n    opacity: 0;\n    transform: scale(0.8);\n  }\n}\n@-webkit-keyframes notification-shrink {\n  0% {\n    opacity: 0;\n    max-height: 200px;\n    margin-bottom: 2px;\n    transform: scale(0.8);\n  }\n  100% {\n    opacity: 0;\n    max-height: 0;\n    margin-bottom: 0;\n    transform: scale(0.8);\n  }\n}\n@-webkit-keyframes notification-shake {\n  0% {\n    transform: translateX(0);\n  }\n  2% {\n    transform: translateX(-4px);\n  }\n  4% {\n    transform: translateX(8px);\n  }\n  6% {\n    transform: translateX(-4px);\n  }\n  8% {\n    transform: translateX(0);\n  }\n  100% {\n    transform: translateX(0);\n  }\n}\n","imports":[{"path":"node_modules\\atom-dark-ui\\stylesheets\\ui-variables.less","digest":"007225d4824d0b343e2b7cfa0a811bd1add6ec4a"},{"path":"static\\variables\\octicon-mixins.less","digest":"6e82b251a0f069964e16b56280fc302046479591"},{"path":"static\\variables\\octicon-utf-codes.less","digest":"0d88874976c8b71e43223bedb437a9a75293455b"},{"path":"static\\variables\\octicon-utf-codes.less","digest":"0d88874976c8b71e43223bedb437a9a75293455b"}],"version":1}