{"digest":"4261b12caa7a8e073a8500d46f581e18c526b435","css":".key-binding-resolver {\n  -webkit-flex: 0.25;\n  overflow: scroll;\n}\n.key-binding-resolver .keystroke {\n  margin-right: 1em;\n}\n.key-binding-resolver table .used {\n  color: #529b2f;\n}\n.key-binding-resolver table .unused {\n  color: #444444;\n}\n.key-binding-resolver table .unmatched {\n  color: #999999;\n}\n.key-binding-resolver table .used .command:before,\n.key-binding-resolver table .unused .command:before {\n  font-family: 'Octicons Regular';\n  font-weight: normal;\n  font-style: normal;\n  display: inline-block;\n  line-height: 1;\n  -webkit-font-smoothing: antialiased;\n  text-decoration: none;\n  font-size: 16px;\n  width: 16px;\n  height: 16px;\n  content: \"\\f03a\";\n}\n.key-binding-resolver table .unmatched .command:before {\n  font-family: 'Octicons Regular';\n  font-weight: normal;\n  font-style: normal;\n  display: inline-block;\n  line-height: 1;\n  -webkit-font-smoothing: antialiased;\n  text-decoration: none;\n  font-size: 16px;\n  width: 16px;\n  height: 16px;\n  content: \"\\f081\";\n}\n.key-binding-resolver table .command,\n.key-binding-resolver table .selector,\n.key-binding-resolver table .source {\n  min-width: 10em;\n}\n.key-binding-resolver table .source {\n  cursor: pointer;\n}\n","imports":[{"path":"node_modules\\atom-light-ui\\stylesheets\\ui-variables.less","digest":"52b1d1f989f08c3e99d7d022921fdd3d29f01a97"},{"path":"static\\variables\\octicon-mixins.less","digest":"6e82b251a0f069964e16b56280fc302046479591"},{"path":"static\\variables\\octicon-utf-codes.less","digest":"0d88874976c8b71e43223bedb437a9a75293455b"},{"path":"static\\variables\\octicon-utf-codes.less","digest":"0d88874976c8b71e43223bedb437a9a75293455b"}],"version":1}